{
    "mAP_0.5": 0.21651277536732924,
    "mAP_0.5:0.95": 0.16904947715591379,
    "mAP_0.75": 0.18706553288250446,
    "mAP_per_class": [
        0.25765989455677824,
        0.0025814648664343786,
        0.0688846153846154,
        0.6089848796485684,
        0.22670689655172413,
        0.3649817777774573,
        0.003169935137326442,
        0.16904947715591379,
        0.4674449404761905,
        0.0036009538950715417,
        0.38102434934765755,
        0.3044070646540705,
        0.10977397805590891,
        0.038269230769230785,
        0.05148212383995132,
        0.0,
        0.5149321014102003,
        0.017726050420168064,
        0.16166865090300517,
        0.1026725195030376,
        0.3366396245111417,
        0.2842822463166384,
        0.024154023780770327,
        0.3124475593913823,
        0.11660773392676287,
        0.223875,
        0.02661943697625533,
        0.021290927287197017,
        0.11083184210526313,
        0.16364237231603088,
        0.3167057529307314,
        0.1592,
        0.0,
        0.6049700788231436,
        0.06981133163339046,
        0.27208751403545967,
        0.2422742087357998,
        0.49752475247524747,
        0.03859278947368422,
        0.16904947715591379,
        0.2183086742048214,
        0.1540356774365546,
        0.10252662326888236,
        0.01846918202764977,
        0.006689075630252101,
        0.42217152421652415,
        0.30519786003168475,
        0.038527295381310424,
        0.593436320754717,
        0.0,
        0.02340081491112713,
        0.16904947715591379,
        0.1555642741935484,
        0.16904947715591379,
        0.40384615384615385,
        0.0,
        0.22512178460493928,
        0.2653333333333333,
        0.0,
        0.16904947715591379,
        0.05035460051400749,
        0.032952776982666285,
        0.03783823529411765,
        0.16190956794173955,
        0.48317678117048324,
        0.7275849056603774,
        0.6797012248535779,
        0.0,
        0.41891902693265115,
        0.16904947715591379,
        0.0,
        0.0,
        0.4698000000000001,
        0.44860135135135143,
        0.0,
        0.0,
        0.530046229293046,
        0.02030612244897959,
        0.019134615384615392,
        0.16583112393441632,
        0.16904947715591379,
        0.16266441341857427,
        0.46413579834417507,
        0.11055555555555555,
        0.005119978021978021,
        0.49749999999999994,
        0.796,
        0.014620470774972907,
        0.013149435625095175,
        0.22535795454545454,
        0.04070007250109885,
        0.6904751081081082,
        0.44411093661439666,
        0.0,
        0.014630141700404858,
        0.010178690344062154,
        0.28793537389324936,
        0.4299236046542691,
        0.047124999999999986,
        0.010321717668199356,
        0.041129596748828254,
        0.0,
        0.10694188005390834,
        0.02842857142857142,
        0.21438449874327703,
        0.3452571901202682,
        0.16904947715591379,
        0.16904947715591379,
        0.42294986949854163,
        0.012681684507922725,
        0.004814516129032257,
        0.09321386780518659,
        0.3232905280772717,
        0.003327481139272697,
        0.16904947715591379,
        0.018450769230769232,
        0.04635182727643936,
        0.030992285363514883,
        0.17786406250000003,
        0.4986306818181818,
        0.08040710059171599,
        0.491018765060241,
        0.03831538461538462,
        0.0,
        0.17997777142857146,
        0.16904947715591379,
        0.6212518749999999,
        0.33354393694640627,
        0.11055555555555555,
        0.13502440154440157,
        0.0,
        0.1443175372151688,
        0.4017993927263565,
        0.16904947715591379,
        0.0,
        0.2582208836521546,
        0.3745640373686336,
        0.16904947715591379,
        0.16266180291283847,
        0.033034634818524075,
        0.11982860846919337,
        0.16904947715591379,
        0.03525811397904422,
        0.14071931984381847,
        0.5105268463559336,
        0.008530219780219778,
        0.0,
        0.30630533462794096,
        0.31710679982924184,
        0.2614938536953243,
        0.005392295950435486,
        0.2741465868055556,
        0.03453490997437155,
        0.08633975573811699,
        0.26923687867294943,
        0.0,
        0.0,
        0.0,
        0.5691879641485277,
        0.12290893845285149,
        0.0,
        0.16904947715591379,
        0.0,
        0.15263544886877586,
        0.04220021518312299,
        0.0,
        0.16904947715591379,
        0.0,
        0.018728155339805826,
        0.0024015649452269173,
        0.1791,
        0.25742760426972133,
        0.16904947715591379,
        0.07427315674936635,
        0.03316666666666666,
        0.0,
        0.5100763433510265,
        0.007556263424518743,
        0.17947365090477424,
        0.0,
        0.07273776067133608,
        0.0,
        0.018073695300480926,
        0.06633333333333333,
        0.006713631961259081,
        0.21689171974522298,
        0.16904947715591379,
        0.4141110664335663,
        0.09508417190605827,
        0.4321091485507246,
        0.1150960209435626,
        0.18530966823443357,
        0.0066110417283802405,
        0.0,
        0.010901533699169833,
        0.002181160576128205,
        0.13321428571428567,
        0.24168058349113336,
        0.0,
        0.24970930052168322,
        0.0,
        0.0012134146341463415,
        0.6225448441953672,
        0.0,
        0.5199120969268632,
        0.06869163095238096,
        0.5939023887768349,
        0.2650586666517815,
        0.16904947715591379,
        0.01645315784053262,
        0.275085655983358,
        0.6509166666666669,
        0.554751622120661,
        0.16904947715591379,
        0.12345653846153848,
        0.020528564683663833,
        0.0,
        0.0,
        0.004370656025588614,
        0.2568241758241758,
        0.04422316455696203,
        0.016235842415026326,
        0.1277481601667404,
        0.13414736842105265,
        0.019414634146341463,
        0.01826121085472097,
        0.01838276880916791,
        0.0,
        0.27625006441516026,
        0.1737651077930627,
        0.11448492095853595,
        0.0,
        0.37108225534183126,
        0.14349956288129062,
        0.3432628668071204,
        0.04015719696969696,
        0.2070766340733977,
        0.12863905456736918,
        0.06864961398026054,
        0.0,
        0.5369540578025888,
        0.5792013534963536,
        0.16904947715591379,
        0.12121642127874066,
        0.0,
        0.034707065788478784,
        0.0,
        0.21762201099397,
        0.0,
        0.046433333333333326,
        0.0,
        0.16904947715591379,
        0.13389548184840647,
        0.06517285714285712,
        0.27079284210526317,
        0.35297232138369816,
        0.046331689144189135,
        0.055098248310819664,
        0.2325487544022283,
        0.007359964642687157,
        0.0011134375000000003,
        0.5790473301420968,
        0.0,
        0.0,
        0.010766267568974492,
        0.0,
        0.3268707150795541,
        0.30404504382120956,
        0.02584599469496021,
        0.16904947715591379,
        0.0,
        0.537623514027281,
        0.0,
        0.1812221678413807,
        0.005985893293163094,
        0.26426929337442845,
        0.0,
        0.1379057573620425,
        0.16904947715591379,
        0.019716243239995192,
        0.020302402790184776,
        0.16904947715591379,
        0.003872524080857414,
        0.006328608704728109,
        0.30586338025656123,
        0.00838188559322034,
        0.16904947715591379,
        0.3440859954238938,
        0.3763271852831306,
        0.5845661375661376,
        0.6472532244511215,
        0.3211297852474323,
        0.027571719325450668,
        0.02312394060730965,
        0.02225996108714441
    ],
    "mean_precision": 0.4101235959722131,
    "mean_recall": 0.21515282425950555
}