{
    "mAP_0.5": 0.07286328640530412,
    "mAP_0.5:0.95": 0.05341256512766596,
    "mAP_0.75": 0.060633815777484744,
    "mAP_per_class": [
        0.2335969364332985,
        0.0,
        0.0,
        0.43640079345550165,
        0.0,
        0.10157169325515951,
        0.00019978882651697406,
        0.05341256512766596,
        0.04782368845985033,
        0.0,
        0.2699758606144453,
        0.09618317885958237,
        0.04650312265690108,
        0.0034912280701754387,
        0.0,
        0.0,
        0.3929136969135728,
        0.0,
        0.2314857657407859,
        0.013465269125059336,
        0.07020056294682374,
        0.05172849439230167,
        0.0030892525941675366,
        0.03676674156667073,
        0.015218037252086323,
        0.0,
        0.015475076185951156,
        0.02936407185628743,
        0.0,
        0.19156845702778935,
        0.008640651199100931,
        0.0,
        0.0,
        0.45513438548355295,
        0.0,
        0.1609866795156329,
        0.027401688348003217,
        0.0,
        0.0,
        0.05341256512766596,
        0.05800924692467181,
        0.009125524592710859,
        0.038038688774120644,
        0.0,
        0.0,
        0.05431274707617464,
        0.15192141371268492,
        0.0005804413591523566,
        0.05983770163091047,
        0.0,
        0.013539883394383395,
        0.05341256512766596,
        0.0,
        0.05341256512766596,
        0.0,
        0.0,
        0.08312274729243992,
        0.0,
        0.0,
        0.05341256512766596,
        0.01783385171004528,
        0.004375468613721992,
        0.0029758994369462615,
        0.05669613685975881,
        0.0,
        0.3311005617977528,
        0.48492292914781415,
        0.0,
        0.16017824109708867,
        0.05341256512766596,
        0.0,
        0.0,
        0.0,
        0.0,
        0.0,
        0.0,
        0.4260343334795219,
        0.0,
        0.0,
        0.010710248251200502,
        0.05341256512766596,
        0.010589518085430254,
        0.00016129862414008758,
        0.0,
        0.0,
        0.0,
        0.0,
        0.007684898926254386,
        0.0,
        0.0,
        0.010352227384030119,
        0.30574143257970793,
        0.2264692154432813,
        0.0,
        0.0,
        0.0019917714934266527,
        0.03966166415158255,
        0.06266861972449801,
        0.0,
        0.0,
        0.02872299707994671,
        0.0,
        0.01939219162960106,
        0.0,
        0.001322101951495463,
        0.024034504609613448,
        0.05341256512766596,
        0.05341256512766596,
        0.12063285124754533,
        0.014104268940786391,
        0.0,
        0.26332577395009193,
        0.09659587288283292,
        0.0,
        0.05341256512766596,
        0.0,
        0.0039353096666003475,
        0.008261209837463725,
        0.0,
        0.0,
        0.2404038461538461,
        0.07764104289940828,
        0.0,
        0.0,
        0.0,
        0.05341256512766596,
        0.040148723352829666,
        0.0,
        0.0,
        0.20168617241379314,
        0.0,
        0.0,
        0.013985899879110647,
        0.05341256512766596,
        0.0,
        0.0536270182962408,
        0.07438505476444675,
        0.05341256512766596,
        0.06725335800491226,
        0.054338182469160425,
        0.010984422042919105,
        0.05341256512766596,
        0.005010791366906474,
        0.055485921774720295,
        0.3901684375627006,
        0.0,
        0.0,
        0.09630436378109529,
        0.10615900593110776,
        0.0006519773584905658,
        0.0,
        0.2786288492776562,
        0.0,
        0.014073557359082963,
        0.18801392206519035,
        0.0,
        0.0,
        0.0,
        0.18644488948690083,
        0.027148490523893832,
        0.0,
        0.05341256512766596,
        0.0,
        0.0030602849549590735,
        0.011157873291733924,
        0.0009458174904942967,
        0.05341256512766596,
        0.0,
        0.004661052631578947,
        0.000972441644113667,
        0.0,
        0.0,
        0.05341256512766596,
        0.0395699531576795,
        0.0,
        0.0,
        0.25855057560242545,
        0.08099704803402667,
        0.07666260771809483,
        0.0,
        0.02131670456561498,
        0.0,
        0.0,
        0.0,
        0.0,
        0.0,
        0.05341256512766596,
        0.03869829257364295,
        0.009110230735466428,
        0.0,
        0.00510913851960928,
        0.010811078567206058,
        0.016406537585596084,
        0.0,
        0.010969235556713098,
        0.0025172062349024934,
        0.0,
        0.04105011483298771,
        0.0,
        0.007545505296536562,
        0.0,
        0.0,
        0.3526734105006685,
        0.0,
        0.0,
        0.0,
        0.06956594211756165,
        0.21331373550958838,
        0.05341256512766596,
        0.0,
        0.0,
        0.4310126676602087,
        0.4253734288444913,
        0.05341256512766596,
        0.056273796628308545,
        0.0,
        0.0,
        0.0,
        0.0027051688403599227,
        0.48074079457364327,
        0.004985688468158347,
        0.0,
        0.022633712508060393,
        0.0,
        0.0,
        0.0,
        0.0027217089552238807,
        0.0,
        0.10434634689060282,
        0.023800746524565024,
        0.03015527153970938,
        0.0,
        0.31276289827977694,
        0.013943826909044759,
        0.10013081605547303,
        0.0,
        0.04218367014585543,
        0.0,
        0.0024989502420813157,
        0.0,
        0.4353536681970428,
        0.2638204611788987,
        0.05341256512766596,
        0.01850816433973815,
        0.0,
        0.00977240670436369,
        0.0,
        0.016873237712597595,
        0.0,
        0.0,
        0.0,
        0.05341256512766596,
        0.0007204988669688085,
        0.0,
        0.0,
        0.05108783536241616,
        0.01138770929915462,
        0.0,
        0.004717609617370797,
        0.0,
        0.0,
        0.2833443063290922,
        0.0,
        0.0,
        0.0,
        0.0,
        0.0029645129766890472,
        0.0,
        0.0,
        0.05341256512766596,
        0.0,
        0.2750044959598208,
        0.0,
        0.003363127055565172,
        0.005206043574364063,
        0.13597571786240065,
        0.0,
        0.03517102570348399,
        0.05341256512766596,
        0.0,
        0.0051679837892603855,
        0.05341256512766596,
        0.0034468820729846817,
        0.009752192899183595,
        0.052233184529483875,
        0.0026180335782867567,
        0.05341256512766596,
        0.12170981572053999,
        0.2767797476636514,
        0.02819889731000843,
        0.5786539493262328,
        0.043109851302153133,
        0.0019521899668958494,
        0.015014772332293393,
        0.013444577021380888
    ],
    "mean_precision": 0.39137092957521114,
    "mean_recall": 0.08189906723245483
}