{
    "mAP_0.5": 0.17224434000293512,
    "mAP_0.5:0.95": 0.13413537404560225,
    "mAP_0.75": 0.14743117732933583,
    "mAP_per_class": [
        0.13413537404560225,
        0.29252530323778947,
        0.0,
        0.8955,
        0.6005573974380015,
        0.13426666666666667,
        0.29324782361255086,
        0.0017005150334075722,
        0.13413537404560225,
        0.39030075187969915,
        0.004433333333333333,
        0.30534896090724856,
        0.0,
        0.0,
        0.22712353421971918,
        0.033166666666666664,
        0.049749999999999996,
        0.01662014241554427,
        0.0015441456591309415,
        0.0,
        0.4948221686593592,
        0.1119375,
        0.012612676056338026,
        0.0,
        0.0,
        0.011721428571428574,
        0.0076892092092520885,
        0.15724267434623024,
        0.11076582825910734,
        0.004150852524368634,
        0.0007896825396825396,
        0.24476487986600456,
        0.29301864138190126,
        0.16378873949579828,
        0.14961699191343653,
        0.018293912584511563,
        0.0022803088803088805,
        0.32153698551922283,
        0.14000050097992014,
        0.9949999999999999,
        0.027952488445542822,
        0.13413537404560225,
        0.11997798525855696,
        0.08008000000000001,
        0.00898005980861244,
        0.34521483870967745,
        0.21274363001526925,
        0.13413537404560225,
        0.0,
        0.0,
        0.2646994716507854,
        0.13413537404560225,
        0.0114516838566635,
        0.015658849922007813,
        0.030366175953197065,
        0.24599753865600565,
        0.004412002945508101,
        0.01602594692432701,
        0.013685793877051888,
        0.10487561327561326,
        0.04063258196721313,
        0.0,
        0.009029301681706316,
        0.08525868149908253,
        0.03805038394286258,
        0.021630434782608697,
        0.13413537404560225,
        0.0870692260252852,
        0.4203904608825829,
        0.14377462770756344,
        0.332335240288658,
        0.02313953488372094,
        0.028998087308505414,
        0.13413537404560225,
        0.02652210642985551,
        0.21359415761733738,
        0.05998445316543042,
        0.4568347953216375,
        0.13413537404560225,
        0.0,
        0.20579081196581192,
        0.2011128874536904,
        0.0,
        0.008694174757281556,
        0.27171264520926147,
        0.08467948717948717,
        0.02842857142857142,
        0.0,
        0.059699999999999996,
        0.0,
        0.41920278312482895,
        0.6032513312034078,
        0.0,
        0.30420007966976204,
        0.06313615500886481,
        0.4544844173441735,
        0.06555604902681784,
        0.13413537404560225,
        0.1546774342105263,
        0.05355358580688881,
        0.13413537404560225,
        0.024569999999999998,
        0.0,
        0.08052904026018658,
        0.06368267649962696,
        0.0398,
        0.0,
        0.018145161290322575,
        0.13413537404560225,
        0.02481515459669937,
        0.05817996786392639,
        0.053554062909567504,
        0.013181082373716933,
        0.042566076814069265,
        0.13413537404560225,
        0.08071316225165562,
        0.12719389727450076,
        0.3443250000000001,
        0.003096330275229357,
        0.6152705643665158,
        0.0,
        0.055933681585900216,
        0.008694174757281556,
        0.0,
        0.015710526315789473,
        0.13413537404560225,
        0.009644731707317073,
        0.0,
        0.2530478761061948,
        0.13413537404560225,
        0.3975572519083969,
        0.0,
        0.0,
        0.0,
        0.13413537404560225,
        0.13413537404560225,
        0.5065950534982432,
        0.011782894736842105,
        0.012626515151515149,
        0.27419253306746433,
        0.35848558441558426,
        0.13413537404560225,
        0.1916251043290037,
        0.28231218607305936,
        0.16583333333333333,
        0.17592157073814582,
        0.025336206896551722,
        0.012612676056338026,
        0.0112112676056338,
        0.032654087552319244,
        0.02398657407407407,
        0.35621578493386996,
        0.02451944854097845,
        0.13413537404560225,
        0.611384554204125,
        0.38440542209807566,
        0.014819148936170212,
        0.21529635470012115,
        0.010094202898550727,
        0.00472722222222222,
        0.023720957836784937,
        0.3261332904439605,
        0.40123479519242194,
        0.07525218340611356,
        0.0060318890977443616,
        0.05042146724639464,
        0.04431223329848375,
        0.13413537404560225,
        0.4090698073169795,
        0.14179730150089437,
        0.199,
        0.015710526315789473,
        0.14747307860473763,
        0.0,
        0.13413537404560225,
        0.13413537404560225,
        0.3798186254257182,
        0.06938580973211947,
        0.031500832266148415,
        0.0,
        0.005045860805860806,
        0.2771479902333335,
        0.06690612778129672,
        0.03870853027274026,
        0.0,
        0.10545565465840004,
        0.000787104298238148,
        0.13413537404560225,
        0.022680457142857147,
        0.018095802541355843,
        0.009476190476190475,
        0.29262142857142853,
        0.02081235338143537,
        0.018618425348822916,
        0.027456914062499997,
        0.4390448296269443,
        0.13413537404560225,
        0.004892257241272202,
        0.02829290505675954,
        0.0,
        0.0024481022615535893,
        0.27079155737704913,
        0.044640634078565125,
        0.014583760504201685,
        0.0,
        0.24518964519815795,
        0.05416760250391236,
        0.0,
        0.12739515082690805,
        0.635863275862069,
        0.4591542951857261,
        0.0,
        0.0,
        0.4292596245572608,
        0.04975,
        0.268804,
        0.07107142857142855,
        0.03357519344371411,
        0.25023210837444065,
        0.08399711569329485,
        0.13413537404560225,
        0.0,
        0.22534257397669863,
        0.15631522381795604,
        0.07552784190599315,
        0.10731417349916028,
        0.13413537404560225,
        0.0,
        0.32010561077331295,
        0.13413537404560225,
        0.1566300432557246,
        0.13413537404560225,
        0.19453122424922145,
        0.11938475223083989,
        0.07129040819226243,
        0.14409741812956087,
        0.01677917496688492,
        0.13413537404560225,
        0.02065108096763004,
        0.0,
        0.09638436433933287,
        0.012336510263929618,
        0.17282432432432435,
        0.6371526827325261,
        0.0,
        0.013776923076923075,
        0.42587355990783393,
        0.19331122065722167,
        0.45649089641462687,
        0.3424463357143343,
        0.009776741293532338,
        0.019414634146341463,
        0.2463370750218794,
        0.05596875,
        0.0,
        0.2004014963643322,
        0.009874544705669555,
        0.030223753327417925,
        0.07322023047375159,
        0.0,
        0.15136164959016396,
        0.04284016315689622,
        0.13413537404560225,
        0.09949999999999999,
        0.01657000767774425,
        0.0,
        0.0,
        0.49752965631929047,
        0.12434376114608889,
        0.0,
        0.13413537404560225,
        0.006952500000000002,
        0.1457374701229069,
        0.09241020977245377,
        0.0009567307692307696,
        0.13413537404560225,
        0.0015266858237547893,
        0.0,
        0.13413537404560225,
        0.24267108211346855,
        0.2873020626432176,
        0.0,
        0.0,
        0.0,
        0.5012004611801243,
        0.27879055879633613,
        0.0190115219771803,
        0.16322729007812897,
        0.0,
        0.005277749976798613,
        0.03236168591931392,
        0.0688846153846154,
        0.0,
        0.010517438002463159,
        0.0,
        0.009423200802123432,
        0.3097595454545455,
        0.0,
